"","primerid","Pr(>Chisq)","coef","ci.hi","ci.lo","fdr"
"1","ENSG00000075624",8.06109355226153e-18,-0.91144467299738,-0.718654413659021,-1.10423493233574,2.74963901067641e-14
"2","ENSG00000067225",2.15678415627401e-17,-1.06476879518954,-0.830045737142027,-1.29949185323705,3.67839537852533e-14
"3","ENSG00000137309",1.16008551369237e-16,-1.88210964307219,-1.4272665839356,-2.33695270220879,1.31901722906822e-13
"4","ENSG00000134333",2.2494554990715e-15,-0.923082133983247,-0.704793608431564,-1.14137065953493,1.91822317683322e-12
"5","ENSG00000163507",2.37427487153882e-14,-3.30375003876453,-2.38909300085282,-4.21840707667624,1.61973031736378e-11
"6","ENSG00000143368",1.75218850248566e-13,-1.79745462009201,-1.3450839103828,-2.24982532980122,9.961191636631e-11
"7","ENSG00000109971",3.14479670639567e-13,-1.06726043278787,-0.806749637963142,-1.3277712276126,1.53241450935938e-10
"8","ENSG00000122952",5.66567524325876e-13,-1.99524274621966,-1.38460640001885,-2.60587909242047,2.41570228184446e-10
"9","ENSG00000105011",7.56003882776663e-13,-3.24585502391846,-2.32574560496423,-4.1659644428727,2.86525471572355e-10
"10","ENSG00000116761",2.92843346606212e-12,3.29408553537524,4.0734845628179,2.51468650793258,9.98888655273789e-10
"11","ENSG00000108953",7.46337768562993e-12,-0.799605515829795,-0.595927428640511,-1.00328360301908,2.31432557142579e-09
"12","ENSG00000128965",8.20880263432454e-12,3.00302229793028,3.67012450981412,2.33592008604644,2.33335214880675e-09
"13","ENSG00000100473",1.06697312037673e-11,-1.63497774339773,-1.21244686794761,-2.05750861884784,2.79957331815771e-09
"14","ENSG00000132646",1.74564305548904e-11,-1.73455365817316,-1.28786966399202,-2.18123765235431,4.25313461590936e-09
"15","ENSG00000135744",4.65390604326449e-11,-1.10843851254232,-0.805258438658185,-1.41161858642646,1.05363256576265e-08
"16","ENSG00000166165",4.94228116452725e-11,-0.945597146951325,-0.678735819460403,-1.21245847444225,1.05363256576265e-08
"17","ENSG00000101367",8.52638852356353e-11,-0.904286546407731,-0.650754125782722,-1.15781896703274,1.53071111862501e-08
"18","ENSG00000108960",8.15989568917188e-11,-1.24473100565153,-0.895031291815168,-1.5944307194879,1.53071111862501e-08
"19","ENSG00000136450",8.15727818477306e-11,-1.40882040726869,-0.979703983757929,-1.83793683077946,1.53071111862501e-08
"20","ENSG00000126457",1.0411764443519e-10,-0.76854316594507,-0.561879497238297,-0.975206834651844,1.77572642584217e-08
"21","ENSG00000117632",1.20358255767684e-10,-0.771774453725865,-0.553607832498661,-0.989941074953068,1.95496195439796e-08
"22","ENSG00000135821",1.34638831835975e-10,-1.01809463348968,-0.737877375820054,-1.29831189115931,2.08751388814777e-08
"23","ENSG00000099956",2.68787877028889e-10,-0.859175907606481,-0.616705818951502,-1.10164599626146,3.98624108063278e-08
"24","ENSG00000065328",3.84823353255438e-10,-3.27118746445862,-2.27406863070019,-4.26830629821705,5.44168498082604e-08
"25","ENSG00000143799",3.98833551804899e-10,-0.926816085262569,-0.664491694473539,-1.1891404760516,5.44168498082604e-08
"26","ENSG00000071539",4.22440453079717e-10,-2.72214553643587,-1.84722538146886,-3.59706569140289,5.54209379021121e-08
"27","ENSG00000105568",4.53750108978452e-10,-0.866197655822578,-0.619593154100827,-1.11280215754433,5.73237637676111e-08
"28","ENSG00000067064",5.09870082150686e-10,-0.977475688501219,-0.694863178072356,-1.26008819893008,6.21131017934282e-08
"29","ENSG00000104738",5.52096800994319e-10,-2.38409117633884,-1.62817216451212,-3.14001018816556,6.47865345680692e-08
"30","ENSG00000130726",5.69802414846695e-10,-0.865765568992774,-0.581106838759632,-1.15042429922592,6.47865345680692e-08
"31","ENSG00000112118",8.01585869779051e-10,-1.59302214597769,-1.13579999686091,-2.05024429509448,8.67112527206692e-08
"32","ENSG00000131238",8.13474080053185e-10,-1.05469463026702,-0.738379236022708,-1.37101002451133,8.67112527206692e-08
"33","ENSG00000076248",9.56075077186243e-10,-1.66682077692825,-0.927832585809317,-2.40580896804719,9.59168261259493e-08
"34","ENSG00000117419",9.30861983046919e-10,-1.24959299043632,-0.749880096816692,-1.74930588405595,9.59168261259493e-08
"35","ENSG00000131462",9.93791463214692e-10,-0.904901430266939,-0.642192661382551,-1.16761019915133,9.68520766007233e-08
"36","ENSG00000159556",1.42889595124866e-09,2.59969606344329,3.34229839302587,1.8570937338607,1.35387891380811e-07
"37","ENSG00000117399",3.77553366665544e-09,-2.04910426623425,-1.47265082913212,-2.62555770333638,3.48063387485451e-07
"38","ENSG00000109805",4.17878201467013e-09,-2.8417086559361,-1.87376470085951,-3.80965261101269,3.75100669790522e-07
"39","ENSG00000145386",5.19347213323820e-09,-2.93400316606322,-1.96214531339581,-3.90586101873063,4.54229062730141e-07
"40","ENSG00000118515",6.12545085665272e-09,-1.79928326538625,-1.25838200067259,-2.34018453009992,5.22347821801061e-07
"41","ENSG00000074800",6.65455323869761e-09,-0.589694010306115,-0.411025534285503,-0.768362486326726,5.53626368224331e-07
"42","ENSG00000109606",7.45932446155141e-09,-1.18425581990657,-0.787432850326281,-1.58107878948685,6.05803708055997e-07
"43","ENSG00000117394",8.24373038887603e-09,-2.80700922485967,-1.81512837140693,-3.79889007831242,6.53938705964096e-07
"44","ENSG00000108106",9.27721338009093e-09,-1.52606943300061,-1.04379463387682,-2.0083442321244,7.19194882715686e-07
"45","ENSG00000082153",9.85386204541651e-09,-0.788447844838617,-0.548404103270336,-1.0284915864069,7.46922743042572e-07
"46","ENSG00000164104",1.09077418753998e-08,-1.85973738402812,-1.18630412378523,-2.533170644271,8.08832772543233e-07
"47","ENSG00000101474",1.17857656428964e-08,-0.990365854359267,-0.685489731649368,-1.29524197706916,8.55345672508927e-07
"48","ENSG00000104341",1.27564598769513e-08,-0.750701100703331,-0.514858627429636,-0.986543573977026,9.06505930005853e-07
"49","ENSG00000130935",1.49718338946664e-08,-1.26630413602676,-0.555632633946098,-1.97697563810742,1.0343801447725e-06
"50","ENSG00000152253",1.51624178360086e-08,-2.58787618709091,-1.60118156248174,-3.57457081170008,1.0343801447725e-06
"51","ENSG00000070423",1.57740037331517e-08,-1.89658645664069,-1.21556727789181,-2.57760563538957,1.05500248497609e-06
"52","ENSG00000134986",2.12507323969648e-08,-2.1244724125769,-1.39153460235046,-2.85741022280334,1.39396631165475e-06
"53","ENSG00000089220",2.84910401178136e-08,-0.588914520438681,-0.38874863351551,-0.789080407361853,1.79968403410856e-06
"54","ENSG00000092853",3.11969443701421e-08,-2.42729641867431,-1.69715882596468,-3.15743401138394,1.93477776811918e-06
"55","ENSG00000110958",4.11970850202964e-08,-0.632932008245191,-0.425258165286653,-0.84060585120373,2.50934387507555e-06
"56","ENSG00000104147",4.36437814965945e-08,-2.69623406399716,-1.81166684762894,-3.58080128036537,2.61173576640147e-06
"57","ENSG00000066279",5.36274931373586e-08,-2.76604033377319,-1.86604994128841,-3.66603072625796,3.10039625578865e-06
"58","ENSG00000110880",6.41460025057766e-08,-1.2162338897573,-0.83190513159185,-1.60056264792274,3.6467002424534e-06
"59","ENSG00000149428",6.67107349666897e-08,2.52018013783576,3.40571815017967,1.63464212549184,3.73033306510457e-06
"60","ENSG00000011009",7.20950483473046e-08,-1.32473477868685,-0.902868143768293,-1.74660141360541,3.96277196343958e-06
"61","ENSG00000128245",7.34926719712638e-08,-0.732243783166393,-0.482265948693227,-0.982221617639558,3.96277196343958e-06
"62","ENSG00000134109",7.43528014248411e-08,2.54059153189093,3.4278735623167,1.65330950146517,3.96277196343958e-06
"63","ENSG00000144120",7.684278561445e-08,-1.42662093917996,-0.814436965151343,-2.03880491320858,4.03247294970598e-06
"64","ENSG00000055070",8.06550499204782e-08,-1.10923478185086,-0.31497829737827,-1.90349126632345,4.16839962543563e-06
"65","ENSG00000073111",8.9062800010928e-08,-1.84164496602943,-1.05954621462114,-2.62374371743771,4.46754721819523e-06
"66","ENSG00000161980",8.87419907774354e-08,-1.46229558737166,-0.937788833342468,-1.98680234140086,4.46754721819523e-06
"67","ENSG00000102580",9.26713019668347e-08,1.62974118045146,2.25405552665982,1.00542683424311,4.58118566679526e-06
"68","ENSG00000101444",1.5198650763497e-07,-0.609813618882635,-0.371191441969433,-0.848435795795837,7.30177433158988e-06
"69","ENSG00000110108",1.66835116877775e-07,-1.93322665955016,-1.25526573290691,-2.61118758619341,7.9038136620846e-06
"70","ENSG00000089685",2.33897411791526e-07,-1.95535999196056,-1.32458646737096,-2.58613351655016,1.09290968715191e-05
"71","ENSG00000111665",2.85517150980229e-07,-2.61044312598797,-1.65856975958843,-3.56231649238751,1.31607973242373e-05
"72","ENSG00000166851",3.01405618302177e-07,-2.59191831717899,-1.64052435576583,-3.54331227859215,1.35275600530095e-05
"73","ENSG00000141522",3.55851662847371e-07,-2.7486988797405,-1.7049913194725,-3.79240644000849,1.57637665191219e-05
"74","ENSG00000112312",3.86556948063583e-07,-0.894532485849213,-0.567706267826163,-1.22135870387226,1.6904432690319e-05
"75","ENSG00000004478",4.53945097831923e-07,-1.75406609132032,-0.922564445829838,-2.58556773681081,1.96000851734771e-05
"76","ENSG00000148773",5.12440050789009e-07,-2.24992955331354,-1.42507094624425,-3.07478816038283,2.13162562590404e-05
"77","ENSG00000162144",5.09255177264735e-07,-2.64513009741641,-1.65098405426474,-3.63927614056808,2.13162562590404e-05
"78","ENSG00000119969",5.28758644747878e-07,-1.75635834166864,-1.13477746192527,-2.37793922141201,2.17300691233134e-05
"79","ENSG00000131153",5.65159950815786e-07,-2.06556623583568,-1.22139942770032,-2.90973304397104,2.29495308599125e-05
"80","ENSG00000122687",5.84135307670371e-07,-1.06644850533062,-0.608093878581,-1.52480313208024,2.34410062878075e-05
"81","ENSG00000076604",6.0262143180399e-07,-2.25063903353841,-1.19216441692109,-3.30911365015573,2.39016477195745e-05
"82","ENSG00000120539",6.17887384852319e-07,-2.31323603622122,-1.28103615796477,-3.34543591447766,2.39501576105825e-05
"83","ENSG00000135316",6.1352092503092e-07,-0.702405799862305,-0.454375963908177,-0.950435635816433,2.39501576105825e-05
"84","ENSG00000165304",7.23417756438074e-07,-2.032188635699,-1.15513481723499,-2.90924245416301,2.7725595137194e-05
"85","ENSG00000087586",7.46825539048499e-07,-2.42248185759064,-1.52316419161996,-3.32179952356133,2.83046879299381e-05
"86","ENSG00000003147",8.74139324785242e-07,2.28741406759331,3.22943112354415,1.34539701164247,3.27658157894776e-05
"87","ENSG00000130202",8.93448739256767e-07,-1.10841664963177,-0.60788325201864,-1.6089500472449,3.31255831478786e-05
"88","ENSG00000164024",9.09850074929148e-07,-1.72803683571786,-0.759569307499848,-2.69650436393588,3.33709527482078e-05
"89","ENSG00000013810",9.35819809840914e-07,-2.57462998896279,-1.61169777711687,-3.53756220080871,3.3600856540709e-05
"90","ENSG00000103202",9.34182333314356e-07,-0.735887780754616,-0.472545735474921,-0.999229826034312,3.3600856540709e-05
"91","ENSG00000105854",1.07388578764941e-06,-0.611168256468433,-0.395104593655003,-0.827231919281863,3.8156504392418e-05
"92","ENSG00000161921",1.25738257791774e-06,-0.844164301989298,-0.153278552319837,-1.53505005165876,4.42157935389423e-05
"93","ENSG00000088325",1.31010056976467e-06,-2.01777611033593,-1.15286116945812,-2.88269105121374,4.55995208517069e-05
"94","ENSG00000139405",1.34021283827024e-06,-2.11716476184643,-1.27770080439996,-2.9566287192929,4.61764241549474e-05
"95","ENSG00000132768",1.42034274171944e-06,-1.30422481887664,-0.410660276999736,-2.19778936075355,4.844789092005e-05
"96","ENSG00000102401",1.44220929619644e-06,2.49127801570188,3.40127909547835,1.58127693592541,4.8706692171545e-05
"97","ENSG00000108344",1.48948638603335e-06,-1.00743283194426,-0.509935422275138,-1.50493024161338,4.96500731934606e-05
"98","ENSG00000153551",1.49925462882628e-06,-1.14198348827062,-0.650679979445953,-1.63328699709529,4.96500731934606e-05
"99","ENSG00000137210",1.67000762886278e-06,-0.641240038919173,-0.385595087879461,-0.896884989958886,5.47730386735668e-05
"100","ENSG00000086619",1.69365902470149e-06,2.30818244678043,3.09061484373445,1.52575004982642,5.49536033627319e-05
"101","ENSG00000160446",1.70773437597467e-06,-1.61569867462154,-0.856011295118147,-2.37538605412493,5.49536033627319e-05
"102","ENSG00000162521",1.80635699214181e-06,-0.716742303245752,-0.456102002493862,-0.977382603997642,5.70507750018123e-05
"103","ENSG00000116237",1.88764817630118e-06,-1.05106781711652,-0.337032231006308,-1.76510340322673,5.90712654070029e-05
"104","ENSG00000101361",2.05674696935165e-06,-0.596311325183237,-0.381203409757618,-0.811419240608856,6.37778537496225e-05
"105","ENSG00000099817",2.15539165401393e-06,-0.59335847343371,-0.365829842128081,-0.820887104739339,6.56432226057278e-05
"106","ENSG00000100997",2.18891984949203e-06,-0.809631422716762,-0.371416051693934,-1.24784679373959,6.60743858992684e-05
"107","ENSG00000151729",2.24218035832152e-06,-1.75636751138325,-0.929956476444057,-2.58277854632245,6.70883965108308e-05
"108","ENSG00000137807",2.27515964532092e-06,-2.40690274055867,-1.42836338916646,-3.38544209195089,6.74832134799102e-05
"109","ENSG00000116133",2.31066015796636e-06,-0.768116804457328,-0.484431822632949,-1.05180178628171,6.79453603346832e-05
"110","ENSG00000011485",2.75888165590369e-06,-2.00134900841544,-1.09469330705428,-2.9080047097766,7.92890426445122e-05
"111","ENSG00000120437",2.7894122302379e-06,-0.611400098414768,-0.387942820906988,-0.834857375922547,7.92890426445122e-05
"112","ENSG00000124788",2.74510105188884e-06,2.23399992528396,3.05585985792986,1.41213999263807,7.92890426445122e-05
"113","ENSG00000137804",2.77983405418728e-06,-1.87166274768907,-1.14461222763579,-2.59871326774235,7.92890426445122e-05
"114","ENSG00000101412",2.81753905628013e-06,-2.39579035439444,-1.38468279635965,-3.40689791242922,7.94266588510043e-05
"115","ENSG00000165480",3.01688812738882e-06,-2.31766624732193,-1.29303363631385,-3.34229885833002,8.29887532461553e-05
"116","ENSG00000144485",3.10793122890346e-06,-2.32327613823348,-1.29472604239134,-3.35182623407562,8.46329554191481e-05
"117","ENSG00000006625",3.32524759516051e-06,-1.10204731852456,-0.688855870895495,-1.51523876615362,8.93103901345865e-05
"118","ENSG00000097021",3.94886652094719e-06,-1.08625565562413,-0.646409415758728,-1.52610189548954,0.000105231122679304
"119","ENSG00000093009",4.44662954474059e-06,-2.27449209930116,-1.330058274645,-3.21892592395732,0.000117577157962094
"120","ENSG00000108179",4.4953219587793e-06,-0.875271372804945,-0.187780187585949,-1.56276255802394,0.000117950332318432
"121","ENSG00000100749",4.55940468962745e-06,-1.54073595722463,-0.768835810867159,-2.31263610358211,0.000118718545010071
"122","ENSG00000141401",5.02673381977309e-06,-1.2778916953993,-0.706677467280368,-1.84910592351823,0.000129895371660955
"123","ENSG00000074696",5.24966033607998e-06,-0.676802984779961,-0.421524502799353,-0.932081466760569,0.000134636025611795
"124","ENSG00000108774",5.6869578775837e-06,-0.932672453180356,-0.418148989197681,-1.44719591716303,0.000143690469040281
"125","ENSG00000152527",5.65956421024275e-06,2.30089840697285,3.15165487788557,1.45014193606013,0.000143690469040281
"126","ENSG00000101003",5.83779322696126e-06,-1.66517873779917,-0.644744324877964,-2.68561315072037,0.000146417005126212
"127","ENSG00000126602",6.41686032756399e-06,-1.60254556614606,-0.972603706890659,-2.23248742540146,0.000159765770637378
"128","ENSG00000143942",7.11150346885082e-06,-2.33884370977089,-1.29813337839808,-3.37955404114369,0.000175777814001813
"129","ENSG00000161981",7.35028571330998e-06,-1.23340503820365,-0.739302904887947,-1.72750717151935,0.000180372838619427
"130","ENSG00000134057",8.00208881812889e-06,-1.92516417563489,-1.11988950874724,-2.73043884252255,0.000194965178275983
"131","ENSG00000162704",8.07491997930442e-06,-0.71396790911365,-0.422179893323736,-1.00575592490357,0.000195344340775939
"132","ENSG00000125968",8.30068514419702e-06,-0.7928335321399,-0.484034325018599,-1.1016327392612,0.000197997461726266
"133","ENSG00000106628",8.76200820922497e-06,-0.61291159946733,-0.299821336597413,-0.926001862337246,0.000207550069456017
"134","ENSG00000165527",1.00828689205581e-05,-1.08937014428068,-0.443611736255653,-1.7351285523057,0.00023556620471249
"135","ENSG00000136518",1.01929739319841e-05,-0.61392363953763,-0.359610627321957,-0.868236651753302,0.000236518599197265
"136","ENSG00000136490",1.07209751973544e-05,-1.0996924921771,-0.068023840155002,-2.13136114419919,0.000247089502690378
"137","ENSG00000132507",1.10311996018242e-05,-0.621161491788802,-0.377328990472294,-0.86499399310531,0.000252533032495451
"138","ENSG00000009307",1.12044231667137e-05,-0.62708957363958,-0.375755530744999,-0.878423616534161,0.000254788582811071
"139","ENSG00000096060",1.13533474724277e-05,-2.20702629139121,-1.22472767634779,-3.18932490643462,0.000256465352506298
"140","ENSG00000006125",1.2345230620608e-05,1.37604877485558,2.11913087133698,0.632966678374175,0.000275226023835909
"141","ENSG00000106537",1.2906464251104e-05,-0.862696791026943,-0.516085878818527,-1.20930770323536,0.000284025481035585
"142","ENSG00000151012",1.30680000324968e-05,2.20198160458466,3.08427189366009,1.31969131550922,0.000285736846864401
"143","ENSG00000134690",1.37519630122337e-05,-2.09326406486,-1.12175965502092,-3.06476847469909,0.00029877672506197
"144","ENSG00000112378",1.4517254234188e-05,-0.786348992251629,-0.353654392536681,-1.21904359196658,0.000309489713705095
"145","ENSG00000114491",1.44727179530002e-05,-1.19518847846852,-0.667475126879103,-1.72290183005794,0.000309489713705095
"146","ENSG00000066044",1.53253252707571e-05,-1.07034185455131,-0.632921062039759,-1.50776264706287,0.000321342044688355
"147","ENSG00000139618",1.54500426059485e-05,-1.84683881489715,-0.849194199616259,-2.84448343017804,0.000321342044688355
"148","ENSG00000165490",1.54318349702463e-05,-1.9894816091055,-1.05031978284922,-2.92864343536177,0.000321342044688355
"149","ENSG00000115884",1.61642168316217e-05,-1.55778874815438,-0.970364544324781,-2.14521295198398,0.000334158446137344
"150","ENSG00000070814",1.68586619697924e-05,-1.60202265980474,-1.00046825102982,-2.20357706857966,0.000345371267524116
"151","ENSG00000116062",1.73102429561914e-05,-1.83074946301638,-0.895511757845723,-2.76598716818703,0.000351459754306958
"152","ENSG00000066557",1.86600809037316e-05,-1.73623238648634,-0.654005145430081,-2.8184596275426,0.000373536077643559
"153","ENSG00000123505",1.8986782950698e-05,-1.0303519567899,-0.560715786439705,-1.4999881271401,0.000373536077643559
"154","ENSG00000137563",1.87665993910229e-05,-0.827956247814541,-0.501913734247394,-1.15399876138169,0.000373536077643559
"155","ENSG00000143753",1.90546108208676e-05,-1.18604782041037,-0.374305843004634,-1.9977897978161,0.000373536077643559
"156","ENSG00000124532",2.01153954979604e-05,-1.56421658555662,-0.834400858453516,-2.29403231265973,0.00039207779453453
"157","ENSG00000023318",2.04247413667102e-05,0.968274685935798,1.52211034715914,0.414439024712458,0.000394625076485099
"158","ENSG00000126254",2.04774665898161e-05,-0.622493131478103,-0.0736826200492959,-1.17130364290691,0.000394625076485099
"159","ENSG00000111666",2.16702861064567e-05,-0.831906808720259,-0.279445305566235,-1.38436831187428,0.000415265988253505
"160","ENSG00000141349",2.29166099338275e-05,-1.54183687677926,-0.616461812706222,-2.46721194085229,0.000436695846280926
"161","ENSG00000157593",2.47893045625123e-05,-1.8332501081728,-1.09097372332267,-2.57552649302292,0.000469757321459609
"162","ENSG00000106484",2.52824034913446e-05,-1.25661516765438,-0.519744981962792,-1.99348535334597,0.000473860168651911
"163","ENSG00000135269",2.52836560230571e-05,1.11113179329675,1.64135346254451,0.580910124048989,0.000473860168651911
"164","ENSG00000124097",2.93318915745137e-05,-2.46697234909106,-1.4016253847978,-3.53231931338432,0.000535032524923349
"165","ENSG00000144231",2.95958675150364e-05,-1.26056168057992,-0.700055637996698,-1.82106772316314,0.000536976085605262
"166","ENSG00000070081",3.02524217315281e-05,1.18080383575672,1.73456626985677,0.62704140165667,0.000543173328335956
"167","ENSG00000136877",3.02559168524865e-05,-2.28437918677428,-1.30599599024384,-3.26276238330473,0.000543173328335956
"168","ENSG00000136824",3.1361401006532e-05,-1.78347125840847,-1.05685175786611,-2.51009075895083,0.00055715488975667
"169","ENSG00000111605",3.78909155963095e-05,-0.838296362176832,-0.479755573055682,-1.19683715129798,0.000661334178044243
"170","ENSG00000006744",3.83432550373424e-05,-1.48715870598427,-0.85526989565871,-2.11904751630984,0.000663902756001904
"171","ENSG00000131652",3.92003061963519e-05,-1.00522712269252,-0.345939341607978,-1.66451490377707,0.000675314365837154
"172","ENSG00000125901",4.08264669655385e-05,-0.611072091056718,-0.35580866605745,-0.866335516055986,0.000696295394097259
"173","ENSG00000108559",4.12067426523235e-05,-1.31207093651057,-0.600574057869924,-2.02356781515121,0.000699284573070027
"174","ENSG00000065135",4.18375852720033e-05,-0.692972326078699,-0.390601140984424,-0.995343511172975,0.000706475264172293
"175","ENSG00000113758",4.3394898162931e-05,-1.23954791731148,-0.548200982797704,-1.93089485182525,0.000729162549919989
"176","ENSG00000111602",4.44385113083412e-05,-1.23456113652582,-0.209093334978417,-2.26002893807322,0.000743038049376235
"177","ENSG00000160563",5.19654579709668e-05,-1.46873032466775,-0.659962436206613,-2.27749821312888,0.000860457170577513
"178","ENSG00000166562",5.39502735359067e-05,1.0677009153547,1.57962396208617,0.555777868623238,0.000889006681309071
"179","ENSG00000132603",5.52641614888739e-05,-0.895716433360482,-0.378468361128519,-1.41296450559244,0.000906279109800716
"180","ENSG00000162391",5.77276564159598e-05,-1.02365488046952,-0.00710642328774691,-2.04020333765128,0.000942148497774349
"181","ENSG00000114346",5.85616240591995e-05,-2.2728101734959,-1.27163011657443,-3.27399023041738,0.000951208093647284
"182","ENSG00000164687",5.91703758608403e-05,-0.704280059996123,-0.407923291291204,-1.00063682870104,0.000956541005029982
"183","ENSG00000104549",6.18647117388267e-05,-0.974715886000599,-0.479481245118922,-1.46995052688228,0.000995379866703481
"184","ENSG00000119630",6.22632739869269e-05,-1.44011105365766,-0.58904644345585,-2.29117566385947,0.000997089331311773
"185","ENSG00000053372",6.44873709977391e-05,-1.07043589978738,-0.607013004712996,-1.53385879486176,0.00102309963941064
"186","ENSG00000049245",7.42221857500235e-05,-1.02766370244358,-0.441588261869612,-1.61373914301755,0.00116669067093701
"187","ENSG00000013392",7.54997234952668e-05,1.7551872194611,2.64164155901642,0.868732879905789,0.00117593404950847
"188","ENSG00000137700",7.80126340156074e-05,-1.72783706642155,-0.69908573419797,-2.75658839864513,0.00119865357940197
"189","ENSG00000080618",8.03471745244621e-05,-1.98644830287117,-1.02553642713734,-2.947360178605,0.00122898749911632
"190","ENSG00000111667",8.11356333679098e-05,-1.76214783591836,-0.724825684880338,-2.79946998695638,0.0012355073456158
"191","ENSG00000138092",8.1588285134524e-05,-2.20239608645613,-1.18647325893343,-3.21831891397883,0.00123687840263938
"192","ENSG00000089053",8.37911458457134e-05,-0.768671983461974,-0.421767178012722,-1.11557678891123,0.00125908193162876
"193","ENSG00000136108",8.82768907180646e-05,-1.91662649507405,-0.967987451065992,-2.86526553908211,0.00132066874666368
"194","ENSG00000084072",9.23642360304426e-05,1.23876791034748,2.01957176326446,0.457964057430504,0.00137578344585083
"195","ENSG00000103194",9.51643463618999e-05,-0.891430304205549,-0.245826355263232,-1.53703425314787,0.00140521898459065
"196","ENSG00000112984",9.97091541794504e-05,-1.96042131247971,-0.979079227855485,-2.94176339710394,0.00145969066483307
"197","ENSG00000149547",0.000104029101845235,-0.836113955664899,-0.423751446551691,-1.24847646477811,0.00151642421535938
"198","ENSG00000125827",0.000111838653891461,-1.43743111011456,-0.479624240129387,-2.39523798009974,0.00162332616350543
"199","ENSG00000111726",0.000124599466557828,-1.21597086440276,-0.585172949557681,-1.84676877924785,0.00178575117827206
"200","ENSG00000131236",0.000131909152528818,-0.617962066739821,-0.290720009670173,-0.945204123809469,0.00188260300952217
"201","ENSG00000158156",0.000132653389763931,-1.92370428202168,-0.903812721412305,-2.94359584263106,0.00188533630201987
"202","ENSG00000050130",0.000138544598315072,-0.744306223113171,-0.0677385383725895,-1.42087390785375,0.00196089470893241
"203","ENSG00000144895",0.000139628123615955,1.57591581999687,2.4335984687974,0.718233171196336,0.00196806417212406
"204","ENSG00000120129",0.000144264478613379,1.51662456204012,2.2580373108061,0.775211813274146,0.00201402671638972
"205","ENSG00000155189",0.000144660376873492,-1.69862361814396,-0.682454003262353,-2.71479323302557,0.00201402671638972
"206","ENSG00000085840",0.000149861352922252,-1.75910394085233,-0.75557760121913,-2.76263028048553,0.00207795558869025
"207","ENSG00000100479",0.000151255703999617,-1.95944876371829,-0.938119969784459,-2.98077755765212,0.00208879840624572
"208","ENSG00000138074",0.000152280553698802,-1.05914852906919,-0.194110158209273,-1.9241868999291,0.00209447164784925
"209","ENSG00000011304",0.000158823252975561,-0.622435170605135,-0.100284569379349,-1.14458577183092,0.00217444255328996
"210","ENSG00000104472",0.000162975851919332,-0.749158056716067,0.215492748553692,-1.71380886198583,0.00221134534325232
"211","ENSG00000101384",0.000168962038660832,-0.589288505266619,0.425342154110176,-1.60391916464341,0.00224252729133112
"212","ENSG00000101868",0.000167561746206946,-1.98785629941933,-0.941116988727759,-3.03459561011091,0.00224252729133112
"213","ENSG00000131148",0.000168852047884323,-0.745443973948706,-0.264885529983406,-1.22600241791401,0.00224252729133112
"214","ENSG00000134779",0.00016877362459167,-0.748182690696882,-0.0629686275466771,-1.43339675384709,0.00224252729133112
"215","ENSG00000100345",0.000170626431256068,-1.07011650563678,-0.355307506198141,-1.78492550507542,0.00224710672609632
"216","ENSG00000124702",0.000171283420927893,-0.972674465424831,-0.341345219364056,-1.60400371148561,0.00224710672609632
"217","ENSG00000165630",0.000170613118696888,1.82879301309649,2.81699046186774,0.840595564325236,0.00224710672609632
"218","ENSG00000105173",0.000173772858156024,-1.26467821150517,-0.255190487661089,-2.27416593534924,0.00226236343194732
"219","ENSG00000148218",0.000173712889866451,-0.870087140117502,0.1277053576727,-1.8678796379077,0.00226236343194732
"220","ENSG00000070087",0.000175934403202354,-0.744750397736396,0.0597815744584229,-1.54928236993121,0.00228179562480316
"221","ENSG00000139921",0.000183420383009861,-0.691788560868843,0.217967554472579,-1.60154467621026,0.00236987472138878
"222","ENSG00000105136",0.000185712762773011,1.69386790284538,2.52330927353637,0.864426532154394,0.00239043861818393
"223","ENSG00000127564",0.00019075574434149,-1.62104377128054,-0.759020055919135,-2.48306748664195,0.00241883956858299
"224","ENSG00000164611",0.000190164316099652,-1.46165232364691,-0.794465741325106,-2.1288389059687,0.00241883956858299
"225","ENSG00000132383",0.000197474856412744,-1.10998049677558,-0.365896453739071,-1.8540645398121,0.00248555990857517
"226","ENSG00000105223",0.000203824625957332,-0.734900315009916,-0.0139538570765187,-1.45584677294331,0.00255605073213404
"227","ENSG00000014919",0.000207014757701424,0.609337994299392,1.57809918603341,-0.359423197434621,0.00258654702754417
"228","ENSG00000124795",0.000212670330098789,-0.754147577663632,-0.379886579576434,-1.12840857575083,0.00264751275900353
"229","ENSG00000142892",0.000214778721767975,-0.991191545559618,0.0361167685180059,-2.01849985963724,0.00265438485489334
"230","ENSG00000074071",0.000220958290268587,-0.590460730224569,-0.322295968868471,-0.858625491580667,0.00272089793540126
"231","ENSG00000117877",0.000228131046796707,-2.08820658048691,-1.07312683876504,-3.10328632220879,0.00276805478558618
"232","ENSG00000148308",0.000228845338474143,-1.63044168141562,-0.887039661569455,-2.37384370126178,0.00276805478558618
"233","ENSG00000153904",0.000229837386315508,-1.62498554341993,-0.651209587361841,-2.59876149947802,0.00277023082940706
"234","ENSG00000106462",0.000231274770337608,-1.33180710697944,-0.463880578754371,-2.1997336352045,0.00277774028739993
"235","ENSG00000138160",0.000233393651230774,-1.77226404837343,-0.846236308936182,-2.69829178781068,0.00278744694210078
"236","ENSG00000144837",0.000233717333755738,1.41621788982395,2.15155846722061,0.680877312427276,0.00278744694210078
"237","ENSG00000088451",0.00023938480583137,1.94857872226815,2.85119378008759,1.04596366444872,0.00282540336571212
"238","ENSG00000101255",0.000238868099355267,1.30123729087059,1.95093995375921,0.651534627981974,0.00282540336571212
"239","ENSG00000073060",0.000242024462858358,-1.02173008466843,-0.445997070354648,-1.59746309898221,0.00284670842348227
"240","ENSG00000100889",0.000243587985367669,1.81542663948789,2.76307045196487,0.867782827010903,0.00285525298312412
"241","ENSG00000123179",0.00024534009406009,-0.954881208155763,-0.40514894521502,-1.50461347109651,0.00286594198917454
"242","ENSG00000102743",0.000250752166975745,-1.33150849156654,-0.283970325436124,-2.37904665769696,0.0029191660121306
"243","ENSG00000148180",0.000258972986028127,-0.889197460361545,-0.0806077443667357,-1.69778717635635,0.00300461515422429
"244","ENSG00000023697",0.000260322190394545,-0.608917277160161,-0.217083160946441,-1.00075139337388,0.00300914819113663
"245","ENSG00000157224",0.000261128075220299,-1.61234776556751,-0.582931260238443,-2.64176427089657,0.00300914819113663
"246","ENSG00000136986",0.000281007352155892,0.696339984691621,1.66120365295709,-0.268523683573852,0.00320573939198578
"247","ENSG00000115694",0.000290108311917522,-0.878225504233949,-0.0880217419625575,-1.66842926650534,0.00329853150650222
"248","ENSG00000132155",0.000291867268679971,-0.781285500554882,-0.427011272094013,-1.13555972901575,0.00330750582547303
"249","ENSG00000117724",0.000309889852612174,-1.7190066002158,-0.924690491289816,-2.51332270914179,0.00347708647125041
"250","ENSG00000116791",0.000324544140799315,-0.72733999716089,-0.360800402969439,-1.09387959135234,0.00361771262832178
"251","ENSG00000139146",0.000333928397834668,-0.770687505581236,-0.401617521637897,-1.13975748952458,0.00371019467431287
"252","ENSG00000119977",0.000340605966877989,-1.38366892771302,-0.533924645211934,-2.23341321021411,0.00375989305184732
"253","ENSG00000139697",0.00034047724306304,-0.783740689505342,-0.389459514972071,-1.17802186403861,0.00375989305184732
"254","ENSG00000131473",0.000346037613034624,-0.827275336823618,-0.434470411348111,-1.22008026229913,0.00380752999374549
"255","ENSG00000110619",0.000362061902781825,1.36722743820266,2.32965596676104,0.40479890964428,0.0039583113794513
"256","ENSG00000153922",0.000365073121060619,-0.621030351373629,0.27743956370167,-1.51950026644893,0.0039784805621015
"257","ENSG00000135720",0.000375127154276298,-1.37880298106576,-0.570090270459594,-2.18751569167192,0.00407502778100781
"258","ENSG00000149084",0.00039979457610915,-0.882077351351042,-0.0726469256142095,-1.69150777708788,0.00432920412415337
"259","ENSG00000148090",0.00040663338700114,1.41768377624228,2.40877796317791,0.42658958930666,0.00437547786454539
"260","ENSG00000146670",0.000412902699087509,-1.35918535219494,-0.355271163218627,-2.36309954117125,0.00442896574398583
"261","ENSG00000137812",0.000485194960958266,-1.8296560265228,-0.828949239908766,-2.83036281313684,0.00513975158952995
"262","ENSG00000132581",0.000489282917809181,-0.814483815702694,-0.145209947583373,-1.48375768382201,0.00516700938900036
"263","ENSG00000119431",0.000516094071363641,-0.667359197457254,0.349333830782215,-1.68405222569672,0.00541660577668116
"264","ENSG00000143162",0.000517891112997685,-1.48959690581172,-0.474661089513026,-2.50453272211041,0.00541879320992363
"265","ENSG00000136159",0.000531278878859825,-0.898161286685493,-0.242028817093917,-1.55429375627707,0.00552497638960628
"266","ENSG00000154743",0.000552516876898837,-1.27448766973574,-0.252820618678364,-2.29615472079312,0.00572837406413961
"267","ENSG00000151835",0.00060292600195352,-1.6907221589055,-0.759357484589683,-2.62208683322133,0.00619451985742005
"268","ENSG00000138794",0.000613182519112343,-0.919658417644486,-0.148177352083116,-1.69113948320586,0.00628097769577238
"269","ENSG00000160410",0.000617348225447017,-1.2419224115146,-0.283707205516537,-2.20013761751267,0.00628589491641724
"270","ENSG00000125730",0.000626899336403482,1.29786291274258,2.17824357635479,0.41748224913038,0.00636414772759606
"271","ENSG00000100439",0.000639644340589387,1.59175397745149,2.54050047023032,0.643007484672659,0.00647426363724154
"272","ENSG00000135441",0.000645675199553126,-0.814037728964857,-0.413261540976271,-1.21481391695344,0.00649674957426464
"273","ENSG00000143036",0.000651134047731353,-1.03922379850812,-0.0270109681682058,-2.05143662884803,0.00653240657885778
"274","ENSG00000147874",0.000661478585621865,-1.93346460907239,-0.929886341631187,-2.93704287651359,0.00661672567611783
"275","ENSG00000156970",0.000663982418233215,-1.81841948829173,-0.789054040721528,-2.84778493586193,0.00662235096079969
"276","ENSG00000136628",0.000676852187746681,0.59606700828412,1.0294457242251,0.162688292343138,0.00673102860759163
"277","ENSG00000072210",0.000686287307793745,-1.54546037574423,-0.719349921469901,-2.37157083001856,0.0067461844578803
"278","ENSG00000126453",0.000684529387198376,-0.903364071803223,-0.396596427299612,-1.41013171630683,0.0067461844578803
"279","ENSG00000166012",0.0006806462957148,1.17264620314912,1.87568921351871,0.469603192779522,0.0067461844578803
"280","ENSG00000133026",0.000693554988601344,-1.0539797864496,-0.467549043968306,-1.6404105289309,0.00679803467275627
"281","ENSG00000136699",0.000715686693753751,-0.603712372305941,0.320880286433219,-1.5283050310451,0.00695500658801722
"282","ENSG00000144591",0.00071520479192586,1.31956600709858,2.10836847336261,0.530763540834553,0.00695500658801722
"283","ENSG00000091542",0.000738864378561618,0.796857507927795,1.75288110334529,-0.159166087489703,0.00709955252887749
"284","ENSG00000122674",0.000740967663524006,-2.03946151598108,-0.97120232561785,-3.10772070634432,0.00709955252887749
"285","ENSG00000124789",0.00073999218527497,-1.79780044297538,-0.773769576473609,-2.82183130947715,0.00709955252887749
"286","ENSG00000127423",0.000736473247601475,-0.87450557053756,0.126893572333871,-1.87590471340899,0.00709955252887749
"287","ENSG00000139318",0.000740037666261356,-0.761956780959041,-0.327911135917346,-1.19600242600074,0.00709955252887749
"288","ENSG00000126787",0.00075788809323338,-1.71639820373222,-0.775082096657297,-2.65771431080714,0.00724133413450717
"289","ENSG00000135632",0.00076639149692335,-1.6207918028431,-0.584546419225377,-2.65703718646082,0.00726331593028337
"290","ENSG00000159259",0.00076657687918558,-1.16868696331481,-0.165876407072263,-2.17149751955737,0.00726331593028337
"291","ENSG00000114353",0.000790545039717661,-1.34804894716216,-0.362137452236899,-2.33396044208742,0.00746966518137657
"292","ENSG00000152952",0.000797413563433602,-1.67598420132486,-0.742074082745982,-2.60989431990373,0.00751375045544756
"293","ENSG00000090382",0.000802965209980015,-1.12655354216504,-0.443970059357464,-1.80913702497262,0.00754521854336593
"294","ENSG00000136982",0.0008095640375191,-1.69530708054831,-0.746429108559064,-2.64418505253756,0.00758632673620233
"295","ENSG00000105983",0.000815314856833265,-1.95415509881963,-0.954805708131949,-2.95350448950731,0.00761859722308442
"296","ENSG00000134686",0.000817474811975637,0.746545174344408,1.73207341627831,-0.238983067589488,0.00761859722308442
"297","ENSG00000086300",0.000821814017140924,-1.5436895596405,-0.537842725511748,-2.54953639376924,0.0076194258419121
"298","ENSG00000080986",0.000832119973998852,-1.77507550987773,-0.785179350824526,-2.76497166893093,0.0076920358572089
"299","ENSG00000136295",0.000841219810854204,-1.70534086771054,-0.708209610996031,-2.70247212442504,0.00775513722925322
"300","ENSG00000107984",0.000849991686169708,-1.67211588070289,-0.734105241838559,-2.61012651956722,0.00781488313079481
"301","ENSG00000115756",0.000860400656120195,-1.60035378826468,-0.581881554042439,-2.61882602248691,0.00788317923348771
"302","ENSG00000105707",0.000875395996336559,1.65019333716373,2.57020557436687,0.730181099960584,0.00798389236231017
"303","ENSG00000023191",0.000888722559428829,-0.886204608536449,-0.338646561990083,-1.43376265508282,0.00804093541170221
"304","ENSG00000149554",0.000893913021117844,-1.67494750743512,-0.669553778088779,-2.68034123678146,0.00806650083342054
"305","ENSG00000162627",0.000898824500658553,-0.966610479059387,-0.278939387524339,-1.65428157059443,0.00808942050592698
"306","ENSG00000115364",0.000924819759626276,-0.821470576238507,-0.245971071220035,-1.39697008125698,0.00828809920868775
"307","ENSG00000100592",0.000949939671330992,1.72604634544705,2.65304038968948,0.799052301204624,0.00843813598674483
"308","ENSG00000164182",0.000961589349349165,1.40970277212419,2.19306018146868,0.626345362779706,0.00849736080474094
"309","ENSG00000132436",0.000974837099922647,-1.63028450604763,-0.698766483411185,-2.56180252868408,0.00859216885745775
"310","ENSG00000139350",0.00100219153588931,-1.70252061770449,-0.689514520919006,-2.71552671448997,0.00881050342504748
"311","ENSG00000162433",0.00101997551802174,-1.13089267080859,-0.211483141254592,-2.05030220036259,0.00892086279992856
"312","ENSG00000119203",0.00103938079713354,-0.787800950834757,-0.115707853806819,-1.45989404786269,0.00904420382403702
"313","ENSG00000115091",0.00104347970650757,-0.592493166890021,-0.138922018046859,-1.04606431573318,0.00905094796787871
"314","ENSG00000143811",0.00107941238329991,-1.90066777022384,-0.844741880742969,-2.9565936597047,0.00927424594316375
"315","ENSG00000139324",0.00108627488608459,-0.709853324777738,-0.0231268568812584,-1.39657979267422,0.00930975788048875
"316","ENSG00000081721",0.00109309346781493,0.926811625941077,1.67464648669919,0.17897676518296,0.00932966134647664
"317","ENSG00000160606",0.00109406758680465,-1.79656234842539,-0.828639871671885,-2.7644848251789,0.00932966134647664
"318","ENSG00000164172",0.00109711604951885,-0.671024751753047,0.094384919440463,-1.43643442294656,0.00933232629653064
"319","ENSG00000073849",0.00111103735549265,-1.30583964628515,-0.476795448208808,-2.1348838443615,0.00940384223222195
"320","ENSG00000121073",0.00112523275023599,0.609223975640054,0.942803023319295,0.275644927960813,0.00945361800752456
"321","ENSG00000141499",0.0011207260866701,-1.43990773288585,-0.409922943834636,-2.46989252193706,0.00945361800752456
"322","ENSG00000158669",0.00114322884857682,-1.17577559362211,-0.28146623800582,-2.07008494923839,0.00958121278254434
"323","ENSG00000034152",0.00116170204626456,-1.62195822914359,-0.59466235953272,-2.64925409875446,0.00968008031582005
"324","ENSG00000114796",0.00117662494322605,1.68006622218537,2.51159337112033,0.848539073250412,0.00976512817845269
"325","ENSG00000136856",0.00121121411374031,-0.987220592705526,-0.440664298190017,-1.53377688722104,0.00997935106755606
"326","ENSG00000166938",0.00121099344669807,-1.8826585417131,-0.866385368964001,-2.8989317144622,0.00997935106755606
"327","ENSG00000111678",0.00126950029374251,0.746884888623079,1.18567202734475,0.308097749901406,0.0104092920720089
"328","ENSG00000160256",0.00127507298253185,-1.68239503800551,-0.708823149508472,-2.65596692650254,0.0104299135333721
"329","ENSG00000067704",0.001296239118173,-0.981492817223496,-0.290531016672763,-1.67245461777423,0.0105776833303543
"330","ENSG00000166197",0.0013258607232666,-0.694960867242063,-0.214458505335298,-1.17546322914883,0.0107935821648267
"331","ENSG00000087074",0.00137365008285049,1.57752679888589,2.4541269014866,0.700926696285185,0.0110812943111714
"332","ENSG00000106348",0.00137419744755952,-1.68624585238957,-0.721007186609811,-2.65148451816932,0.0110812943111714
"333","ENSG00000130707",0.00144784182606841,1.34439137857499,2.24949222529134,0.439290531858651,0.0115657809571882
"334","ENSG00000051180",0.00145727609113246,-1.43796725008314,-0.438317216471822,-2.43761728369446,0.0115868735357875
"335","ENSG00000055130",0.00146192140795957,-0.81720334042764,0.0247017054908668,-1.65910838634615,0.01159677656407
"336","ENSG00000118520",0.00147797653182156,-1.09885017579138,-0.116804996902622,-2.08089535468013,0.0116969325987084
"337","ENSG00000166233",0.00150308240477033,1.51789792430935,2.49946605580423,0.536329792814462,0.0118680881543324
"338","ENSG00000112742",0.00151682481713702,-1.58702219266083,-0.627069744137383,-2.54697464118429,0.0119489363770309
"339","ENSG00000138772",0.00154876593983945,0.825716813050902,1.74806785386905,-0.0966342277672486,0.0121444611972238
"340","ENSG00000100412",0.00156713576551328,-0.842509790732302,-0.341418538521103,-1.3436010429435,0.0122603213214812
"341","ENSG00000116954",0.0015819808187777,1.2351942686204,1.99910662127962,0.471281915961185,0.0123481386106424
"342","ENSG00000124641",0.00160468461424766,-1.05100969659181,0.00399237333452906,-2.10601176651816,0.0124812982335447
"343","ENSG00000137942",0.00160635881692352,1.46648359456994,2.42312904539131,0.509838143748565,0.0124812982335447
"344","ENSG00000117054",0.00162937952610476,-0.880551504710626,-0.260739491315635,-1.50036351810562,0.0126313944625985
"345","ENSG00000053900",0.00163748652297726,-1.53448725753927,-0.635206040229904,-2.43376847484863,0.0126654569838446
"346","ENSG00000138744",0.00164608460334047,-0.737352592387699,0.236823723798801,-1.7115289085742,0.0127031551628831
"347","ENSG00000163347",0.00166363023356362,-0.665212268927533,-0.277862730949188,-1.05256180690588,0.0128095772611411
"348","ENSG00000164442",0.00168424231172368,-1.6337119045493,-0.629248260969146,-2.63817554812946,0.012939077759661
"349","ENSG00000131508",0.00179221837214369,-0.893655399349581,-0.0124875341759088,-1.77482326452325,0.0137068539627402
"350","ENSG00000137145",0.00182748235861045,0.988346286993566,1.72766491813343,0.249027655853703,0.013914156975938
"351","ENSG00000139540",0.00183636181756492,1.47605823522859,2.26454327097071,0.687573199486471,0.0139506239637281
"352","ENSG00000100234",0.00184893027218087,-1.26346867472312,-0.547621542787204,-1.97931580665904,0.0139590146194008
"353","ENSG00000119280",0.00184974336205487,-0.67943131226619,0.304249717218626,-1.66311234175101,0.0139590146194008
"354","ENSG00000131711",0.00187255415320541,1.59748838970508,2.42781055553983,0.76716622387032,0.0140071978433852
"355","ENSG00000115241",0.00189477699551377,-0.665283026779646,-0.178377991490976,-1.15218806206832,0.0141115378421342
"356","ENSG00000135678",0.00190954688964458,-1.68010546617034,-0.661880005741228,-2.69833092659945,0.0141905543367705
"357","ENSG00000166333",0.00196214669699513,-1.55348381459688,-0.722645216519011,-2.38432241267475,0.0145181830443609
"358","ENSG00000166326",0.00197019989776779,0.748589865392558,1.70322429734911,-0.206044566563998,0.0145462161283245
"359","ENSG00000151914",0.00197760690454228,1.15369341309957,1.8565649924206,0.450821833778546,0.0145693674976106
"360","ENSG00000065268",0.00201953766959251,-0.758623650707461,-0.320495102390409,-1.19675219902451,0.0147824956887984
"361","ENSG00000087470",0.00202931919553866,-0.993116084636521,-0.265791528038485,-1.72044064123456,0.0147906149059452
"362","ENSG00000138668",0.00202822655095685,-0.599984389675353,-0.269594488664342,-0.930374290686363,0.0147906149059452
"363","ENSG00000160214",0.00204250319985704,-1.00301689917447,0.021227578616843,-2.02726137696577,0.0148549646369133
"364","ENSG00000110697",0.00204950304004647,1.27202873198339,2.20647679930818,0.33758066465861,0.0148616979222603
"365","ENSG00000123240",0.00207526502205378,1.60179493394466,2.50804321544428,0.695546652445037,0.0149733383468578
"366","ENSG00000163877",0.00207633803519899,1.12149135726267,1.9101038683475,0.332878846177852,0.0149733383468578
"367","ENSG00000119408",0.0021307527975467,-0.90936265419399,-0.107838016944422,-1.71088729144356,0.0153333286760165
"368","ENSG00000013441",0.00220089529490296,1.70609064459632,2.6424053745508,0.76977591464184,0.0157384776748721
"369","ENSG00000137500",0.00220757019541041,1.48791126208626,2.43174294096289,0.544079583209621,0.0157531839676672
"370","ENSG00000132600",0.00225243891338557,-0.980214162491857,0.0247662652221121,-1.98519459020583,0.0160063940282462
"371","ENSG00000148677",0.0022899183378894,1.63089226461218,2.52027620674029,0.741508322484073,0.0162052104783003
"372","ENSG00000143353",0.00231204796666952,0.913816313156867,1.72272521050461,0.104907415809125,0.0162942058146896
"373","ENSG00000068120",0.00232779675505785,-1.18225298469628,-0.508482890592826,-1.85602307879973,0.0163713705804172
"374","ENSG00000114383",0.00237966625971216,-0.609472094199567,-0.207117129747648,-1.01182705865149,0.0166674365746985
"375","ENSG00000090861",0.00240493317016242,0.807599835167931,1.301622959222,0.31357671111386,0.016791054207891
"376","ENSG00000164105",0.00240716080552879,-1.46860046140783,-0.492236934971987,-2.44496398784367,0.016791054207891
"377","ENSG00000035687",0.00242198131946339,-1.04458397978347,-0.280693628230785,-1.80847433133615,0.0168019785179909
"378","ENSG00000107537",0.00242350437726519,-0.79840656763154,-0.306329829768258,-1.29048330549482,0.0168019785179909
"379","ENSG00000086062",0.00248069693324727,1.02617695482097,1.79316060603302,0.259193303608922,0.0171636049478832
"380","ENSG00000109501",0.00250721926546761,0.9865536453689,1.96980178692445,0.00330550381334749,0.0172770200293131
"381","ENSG00000153044",0.0025147185708324,-0.922999522042931,0.0407026082628774,-1.88670165234874,0.0172937601715913
"382","ENSG00000126883",0.00256392705691072,-1.74212212563518,-0.761372735285148,-2.7228715159852,0.0175966905253973
"383","ENSG00000141232",0.00259291717938095,-0.774959601274315,-0.0576379467138616,-1.49228125583477,0.0177599206804587
"384","ENSG00000012048",0.00260433671449843,-1.28380458239471,-0.274541150368162,-2.29306801442125,0.0177834394768879
"385","ENSG00000117114",0.00260677799426677,-0.909585565898642,0.130721189327526,-1.94989232112481,0.0177834394768879
"386","ENSG00000110048",0.00262492516336862,1.53155400501694,2.45940804604809,0.603699963985793,0.0178714964715576
"387","ENSG00000105700",0.00267169899842594,-0.735038591620958,-0.262510830843373,-1.20756635239854,0.0181176248183516
"388","ENSG00000126003",0.00275184102483811,-1.64158800056299,-0.640091335365829,-2.64308466576015,0.0185504540231676
"389","ENSG00000156170",0.00275003052919683,-1.02782643913803,-0.151949170788652,-1.90370370748742,0.0185504540231676
"390","ENSG00000159840",0.00278714405016961,-0.889717529258475,-0.0970495553870452,-1.68238550312991,0.018751377426289
"391","ENSG00000065154",0.00286502038218985,-0.761818213659568,-0.338526221730528,-1.18511020558861,0.0191575921113224
"392","ENSG00000075089",0.00285498590630036,1.34545667842905,2.31738843403946,0.373524922818651,0.0191575921113224
"393","ENSG00000119402",0.00286998814684425,-0.93977941977563,-0.0571489957919429,-1.82240984375932,0.0191575921113224
"394","ENSG00000138698",0.00286118869430624,0.840432304020498,1.82454266442618,-0.143678056385189,0.0191575921113224
"395","ENSG00000128185",0.00289122491536982,-0.848966839485282,-0.32847509054908,-1.36945858842148,0.0192207509254984
"396","ENSG00000163840",0.00291318899156959,1.67901157351449,2.60284247841155,0.755180668617432,0.0192949274762017
"397","ENSG00000109270",0.00294454395888505,1.16377742454645,2.09972388260436,0.227830966488527,0.0193896514358241
"398","ENSG00000100711",0.003005362396573,-1.00846940104362,-0.226506076477248,-1.79043272561,0.0196881933575184
"399","ENSG00000148943",0.00300719693323573,1.00366667944429,1.76351221345558,0.243821145432999,0.0196881933575184
"400","ENSG00000085415",0.00302155144041204,-0.655992657719519,-0.286631220902444,-1.02535409453659,0.019744275791658
"401","ENSG00000164961",0.00306225117365919,-1.27795073972738,-0.33622984296922,-2.21967163648555,0.0199338525827319
"402","ENSG00000163703",0.00308072298840971,1.17988159589605,2.14138652965932,0.218376662132775,0.0200158973589819
"403","ENSG00000023902",0.0031000240283473,-1.66633813183315,-0.636900033154525,-2.69577623051178,0.0200648614054889
"404","ENSG00000146833",0.00311955009929405,0.931106420413796,1.90131299198907,-0.0391001511614762,0.0200769535635698
"405","ENSG00000162817",0.00311912901744549,-1.14948392446539,-0.171731059234529,-2.12723678969626,0.0200769535635698
"406","ENSG00000096092",0.00312811729324921,-0.816846024405447,-0.362431570590148,-1.27126047822075,0.0200941771888382
"407","ENSG00000145050",0.00314460166291275,1.16364513318196,1.88422998365416,0.443060282709755,0.0201620982560064
"408","ENSG00000102024",0.00319151956446813,-0.848523505035439,-0.185110622493363,-1.51193638757752,0.020348174269908
"409","ENSG00000150961",0.00320821211267258,1.17986317832624,2.14947145300792,0.210254903644558,0.0204164393961309
"410","ENSG00000148362",0.00327357560209854,-0.745353870307635,-0.03107420736803,-1.45963353324724,0.0207094546384971
"411","ENSG00000157456",0.00327854163142434,-1.47760483750334,-0.540645148339067,-2.41456452666762,0.0207094546384971
"412","ENSG00000038274",0.00340110860488982,-0.935717041879522,-0.0921475740842804,-1.77928650967476,0.0214107985423396
"413","ENSG00000087157",0.00340212630018999,-0.890209103443422,0.137431046450985,-1.91784925333783,0.0214107985423396
"414","ENSG00000073350",0.00357661414656574,-0.892949020493494,-0.0269886649687717,-1.75890937601822,0.0223031642667929
"415","ENSG00000150093",0.00357497741560704,-0.657416427554791,-0.280442716732022,-1.03439013837756,0.0223031642667929
"416","ENSG00000158773",0.00362049512093327,-1.25290007140682,-0.297226827395751,-2.20857331541788,0.0224945516530116
"417","ENSG00000123352",0.00363878885866099,-1.14589157923254,-0.32151763838771,-1.97026552007737,0.02253302407883
"418","ENSG00000124209",0.00365135779415591,0.818580121131429,1.77929889371064,-0.142138651447779,0.02253302407883
"419","ENSG00000136891",0.00365311120363324,-0.816597270889923,0.207531198695437,-1.84072574047528,0.02253302407883
"420","ENSG00000103005",0.00372166752616248,-0.920070959918735,-0.0601408907079849,-1.78000102912948,0.0227501934260577
"421","ENSG00000111530",0.00371394450870914,-1.28956765024682,-0.366637188625639,-2.212498111868,0.0227501934260577
"422","ENSG00000138030",0.00369715911813017,-1.39584483282445,-0.437829381567705,-2.35386028408119,0.0227501934260577
"423","ENSG00000138107",0.00371967427164134,-0.635688204134032,-0.110666466569763,-1.1607099416983,0.0227501934260577
"424","ENSG00000140259",0.00372103234627587,0.919727476844901,1.82538352936426,0.0140714243255475,0.0227501934260577
"425","ENSG00000051128",0.00376907012948927,-0.786323166060875,0.238191660690101,-1.81083799281185,0.0229576753780141
"426","ENSG00000132182",0.00380409699784045,-1.49407023158868,-0.557769456208018,-2.43037100696934,0.0231297234574577
"427","ENSG00000165716",0.00383361511233133,-1.619232971341,-0.68172300560551,-2.5567429370765,0.0232184260348566
"428","ENSG00000153823",0.00391916398942625,-0.947960070856903,-0.0161330865593065,-1.8797870551545,0.0236188487065953
"429","ENSG00000102967",0.00396764759351093,-1.21602179908597,-0.211942798493302,-2.22010079967863,0.0238688640942959
"430","ENSG00000065911",0.00405356655451182,1.23684778062614,2.00013446938709,0.473561091865196,0.0242967265031207
"431","ENSG00000006695",0.00414517283023369,0.709783933114339,1.70361870076376,-0.28405083453508,0.0247188540628097
"432","ENSG00000146247",0.00415612276451333,-0.926745864825435,-0.412745167865812,-1.44074656178506,0.0247408983416317
"433","ENSG00000135392",0.00417991100005347,-1.38055377805098,-0.41753282747961,-2.34357472862235,0.0248391575281923
"434","ENSG00000037474",0.00421589191528881,-0.758237121486808,0.013787691892333,-1.53026193486595,0.0249227163311094
"435","ENSG00000111581",0.00421337603868395,-1.01226567127015,-0.295911954586672,-1.72861938795363,0.0249227163311094
"436","ENSG00000130511",0.00440513026188529,0.708279361873982,1.5846399874729,-0.168081263724932,0.025951466879604
"437","ENSG00000121310",0.00445621299336687,-0.663033815879801,0.332798691297509,-1.65886632305711,0.0262071422765076
"438","ENSG00000163683",0.00450435485651074,0.913747453242781,1.50132728136182,0.32616762512374,0.0264446719717008
"439","ENSG00000140263",0.00452447856542262,-1.46426126001745,-0.551785966523846,-2.37673655351105,0.0265171759220903
"440","ENSG00000109536",0.00456584637172951,1.55885765736425,2.53108091498739,0.586634399741107,0.0266115179550234
"441","ENSG00000148229",0.00455774337912279,-0.885547575350037,-0.271470941063336,-1.49962420963674,0.0266115179550234
"442","ENSG00000163931",0.00455584716130101,-0.775050549418921,-0.194800470341523,-1.35530062849632,0.0266115179550234
"443","ENSG00000101189",0.00464724950530411,-0.965395846797191,-0.0988276250484351,-1.83196406854595,0.0269347213357929
"444","ENSG00000139514",0.00465752248374941,1.53213991183817,2.40437204294215,0.659907780734183,0.0269347213357929
"445","ENSG00000151135",0.00466539344214553,1.15420898868142,2.00331997017986,0.305098007182979,0.0269347213357929
"446","ENSG00000165997",0.00466678988843553,1.55247072819,2.51558522424243,0.589356232137564,0.0269347213357929
"447","ENSG00000109881",0.00470215556291628,-0.880670777775759,-0.344065702336617,-1.4172758532149,0.0270787141781305
"448","ENSG00000141429",0.00470761580405494,-1.51406655042443,-0.578884048768044,-2.44924905208081,0.0270787141781305
"449","ENSG00000073969",0.00473985600830185,-0.913696664010983,0.128793261894058,-1.95618658991602,0.0271425493292109
"450","ENSG00000101493",0.00475665416776253,1.35600166611846,2.27367003040462,0.438333301832304,0.0271774662751055
"451","ENSG00000134324",0.00477942128394894,1.28715955010056,2.21663173694516,0.357687363255953,0.0272618829423911
"452","ENSG00000124222",0.00481672147789645,1.62078226309854,2.55875188239422,0.682812643802869,0.0273666637414977
"453","ENSG00000133393",0.00481387364279631,-0.602944855807943,0.306377631221728,-1.51226734283761,0.0273666637414977
"454","ENSG00000156471",0.00494751559195843,-0.972502567608414,0.0102310168259616,-1.95523615204279,0.0279403570929971
"455","ENSG00000135776",0.00498079716047335,-1.25578784747639,-0.325950692790696,-2.18562500216208,0.0279892901390026
"456","ENSG00000157110",0.00499255367749753,-1.32115707480422,-0.486458069306734,-2.15585608030171,0.0280092115031975
"457","ENSG00000156256",0.00501828584910181,0.933098039277999,1.55055552131615,0.315640557239851,0.028038035583979
"458","ENSG00000108828",0.005033415343494,-0.737199570374957,0.0340585185916429,-1.50845765934156,0.0280538884585916
"459","ENSG00000141503",0.00504165393080046,-0.842893193528402,0.00759723930546996,-1.69338362636227,0.0280539666524639
"460","ENSG00000104679",0.00506891501409076,-1.3567046336461,-0.532287145474167,-2.18112212181804,0.0280631584295569
"461","ENSG00000115163",0.00507621482000487,-1.27763227192245,-0.337644585086147,-2.21761995875875,0.0280631584295569
"462","ENSG00000082146",0.00510561999173169,-0.745901996897055,0.119782270034408,-1.61158626382852,0.0281345230885247
"463","ENSG00000158122",0.00510060836049623,1.12610138795388,2.1239438997151,0.128258876192655,0.0281345230885247
"464","ENSG00000118496",0.00511748616766838,-1.38686282138336,-0.474282163835262,-2.29944347893146,0.028154427932124
"465","ENSG00000130669",0.00519125265303142,-1.11971460385174,-0.107712912523025,-2.13171629518045,0.0284684289380871
"466","ENSG00000155755",0.00532188806145637,-0.918361374711975,-0.0156198940470379,-1.82110285537691,0.0291379778132065
"467","ENSG00000078246",0.00534045114660187,0.683438500132849,1.68772317613549,-0.320846175869792,0.0291927545850304
"468","ENSG00000007923",0.00536549890768091,-1.3332995015112,-0.370762201750829,-2.29583680127157,0.0292102249006539
"469","ENSG00000139289",0.00538646480871043,0.790982275938628,1.78255915947201,-0.200594607594751,0.0292102249006539
"470","ENSG00000100865",0.00540688505118199,-0.937580000739309,-0.0277427689867712,-1.84741723249185,0.0292744204913997
"471","ENSG00000134970",0.00543978858101179,1.19411401411131,2.19834259911083,0.189885429111788,0.029405893581349
"472","ENSG00000138376",0.00550131397186467,-1.64601206085793,-0.65730733228042,-2.63471678943544,0.0296445212607115
"473","ENSG00000102409",0.0055816252930055,1.36493430309566,2.32035635083768,0.409512255353628,0.0299425656542727
"474","ENSG00000134058",0.00558295859164979,1.10527718038264,2.07584894682675,0.134705413938523,0.0299425656542727
"475","ENSG00000148572",0.00557202557526082,1.09721663143644,1.94729050067078,0.247142762202094,0.0299425656542727
"476","ENSG00000144118",0.00563844981687043,-0.77367867134117,-0.0327398514334885,-1.51461749124885,0.0300982039520266
"477","ENSG00000100644",0.00570223409117652,-0.752837653436091,-0.3260199602206,-1.17965534665158,0.0302062905606747
"478","ENSG00000096063",0.00571328349174872,-0.971573560667507,-0.316361876985189,-1.62678524434983,0.0302139689772944
"479","ENSG00000089597",0.00575175990104399,-0.788858238211702,-0.104873011236576,-1.47284346518683,0.0303162412457874
"480","ENSG00000035499",0.00585670362921632,-0.845746362318621,0.165266310166056,-1.8567590348033,0.0306925590178509
"481","ENSG00000112294",0.00585777071844648,-1.37932678185031,-0.452879698580259,-2.30577386512037,0.0306925590178509
"482","ENSG00000099942",0.0060390545086307,-0.731039464951136,-0.308286315016735,-1.15379261488554,0.0313418024246819
"483","ENSG00000119535",0.00601666658133672,-0.987070810234194,0.00880255801238261,-1.98294417848077,0.0313418024246819
"484","ENSG00000130764",0.0060453950468945,1.48737925318909,2.47215507465254,0.502603431725642,0.0313418024246819
"485","ENSG00000149636",0.00604599999866336,-0.726377447568786,0.193965685589111,-1.64672058072668,0.0313418024246819
"486","ENSG00000125247",0.00607216529728853,-0.988243471104154,0.0134505910759535,-1.98993753328426,0.0313981911178186
"487","ENSG00000115561",0.00608753250961625,-0.729606299110244,0.138213349764778,-1.59742594798527,0.0314138780488669
"488","ENSG00000105701",0.00610638038969371,-1.39468151655151,-0.473269676894728,-2.31609335620828,0.0314160837243518
"489","ENSG00000133315",0.0061006184521504,-1.43693029337242,-0.464283375861969,-2.40957721088288,0.0314160837243518
"490","ENSG00000152455",0.00613423500353337,-1.57374046333401,-0.557073655423125,-2.59040727124489,0.0315118608389342
"491","ENSG00000141446",0.00616830936299077,0.863748776077025,1.82087568248022,-0.0933781303261715,0.0316191544293924
"492","ENSG00000087087",0.00623687788218579,-0.891425265280418,-0.0506957273674423,-1.73215480319339,0.031799686780472
"493","ENSG00000106268",0.00623645454877363,-0.892409859591655,-0.327514675233335,-1.45730504394998,0.031799686780472
"494","ENSG00000139194",0.0062235903156734,-1.07966374252696,-0.0821752103776208,-2.0771522746763,0.031799686780472
"495","ENSG00000082996",0.00628692295638892,1.04568766723256,2.024090040025,0.0672852944401249,0.0319191222294263
"496","ENSG00000104081",0.00628763437407147,1.44870104609098,2.32438605400137,0.573016038180596,0.0319191222294263
"497","ENSG00000065615",0.00633667814784208,-0.681762831348647,0.347619043549235,-1.71114470624653,0.0320688563238714
"498","ENSG00000099810",0.00650055305344506,-1.13435752860324,-0.124768994530718,-2.14394606267576,0.0327524172308731
"499","ENSG00000014138",0.00655081821256266,-1.54245311704562,-0.551599921930071,-2.53330631216117,0.0329084549676749
"500","ENSG00000163818",0.00654593667969498,1.03826310318025,1.91492560345115,0.161600602909338,0.0329084549676749
"501","ENSG00000114439",0.00663100905322701,1.56584689331942,2.50855941630212,0.623134370336711,0.0331933082496339
"502","ENSG00000151239",0.00664644665332745,-1.19129791636417,-0.363956559882794,-2.01863927284555,0.0331933082496339
"503","ENSG00000108639",0.00675091144076138,-0.606087622898754,-0.169454426044274,-1.04272081975323,0.033616582371441
"504","ENSG00000143179",0.00684284174884211,-0.797716393890448,-0.0594187372624322,-1.53601405051846,0.0339751575040763
"505","ENSG00000104969",0.0072227021426215,-0.790433504485267,0.114459666131634,-1.69532667510217,0.035653599143968
"506","ENSG00000007080",0.00726340731076047,-0.659213382918423,-0.129132838333157,-1.18929392750369,0.0358027201401792
"507","ENSG00000091583",0.00732334697103101,-1.05619334916497,-0.429358933523253,-1.68302776480669,0.0359941448388858
"508","ENSG00000004897",0.00750733548599178,-0.813635252777814,0.166846463692443,-1.79411696924807,0.0367924157222959
"509","ENSG00000134962",0.00764887883072209,-1.17183221453375,-0.221007991508595,-2.12265643755891,0.0373786901025688
"510","ENSG00000140416",0.00771990908357988,-0.60045881430667,-0.058683441026204,-1.14223418758714,0.0376718310215894
"511","ENSG00000008294",0.00792386883640015,1.42852433010996,2.39300251343625,0.464046146783665,0.0385567997160641
"512","ENSG00000109929",0.00805041461139707,-0.878234058634964,-0.156412264403952,-1.60005585286598,0.0390611155611314
"513","ENSG00000143303",0.00808009901998857,1.15277163661838,1.98638262473933,0.319160648497436,0.0391494570414503
"514","ENSG00000078618",0.00822278454675255,-0.732530377279623,-0.271163421116092,-1.19389733344315,0.0397279293044943
"515","ENSG00000126953",0.00840130749722558,-1.3947356468681,-0.440509290021975,-2.34896200371423,0.0405330408388069
"516","ENSG00000146376",0.00851231032684669,-1.47340263753339,-0.531974948341908,-2.41483032672487,0.0406659531160701
"517","ENSG00000027847",0.00854371050482944,-0.75769757986042,0.201956154123927,-1.71735131384477,0.040758876268494
"518","ENSG00000164087",0.00857439056834191,-1.38367712258647,-0.386491126118366,-2.38086311905456,0.0408481092578412
"519","ENSG00000135241",0.00864905828796215,1.00093695561709,2.00967923608182,-0.00780532484763685,0.0411463567925228
"520","ENSG00000120137",0.00877636622713014,-0.889471257239466,0.0849700192127031,-1.86391253369163,0.041578035001029
"521","ENSG00000155380",0.00879982085516398,-0.844002905487406,-0.200090228777812,-1.487915582197,0.0416313300096593
"522","ENSG00000146070",0.00883504515703727,-1.2533933910785,-0.366463063856784,-2.14032371830021,0.0417400817599088
"523","ENSG00000112029",0.00896058368103236,-1.40188224955881,-0.424379197646027,-2.37938530147158,0.0421580012910364
"524","ENSG00000140455",0.0089841811271576,0.705110648774786,1.45214514014016,-0.0419238425905892,0.0422108014114801
"525","ENSG00000120696",0.00903227728266126,-1.30594836685195,-0.342268453353069,-2.26962828035083,0.0423784013908632
"526","ENSG00000134602",0.00907263586989774,-1.17815132591622,-0.161870745780615,-2.19443190605183,0.0423928232222208
"527","ENSG00000078808",0.00911457402224331,-0.604083600474755,-0.0281344072022459,-1.18003279374726,0.0425305225579643
"528","ENSG00000104915",0.00920325124892355,-1.38803817761606,-0.462830720156607,-2.31324563507551,0.0428856420902708
"529","ENSG00000148396",0.00924530839335473,1.44821783171946,2.42025238670388,0.476183276735038,0.0429756589213147
"530","ENSG00000092140",0.00931113815905535,-0.938106352771843,-0.085057266684138,-1.79115543885955,0.0431532827930903
"531","ENSG00000165271",0.0093112917431001,-1.46598002580643,-0.480074345749079,-2.45188570586377,0.0431532827930903
"532","ENSG00000129250",0.0093380802600778,-1.40093190710619,-0.360602881904796,-2.44126093230758,0.0431682751304116
"533","ENSG00000094880",0.00950550320947579,0.641102985426931,1.63569706465058,-0.353491093796716,0.0435796659240886
"534","ENSG00000104267",0.00983867689327633,-1.19172035739941,-0.208887824624201,-2.17455289017461,0.0448060439024907
"535","ENSG00000084710",0.00993077629734253,-1.14115937808494,-0.255235403373597,-2.02708335279627,0.0450450504657385
"536","ENSG00000125459",0.00993019439203528,1.28483975964944,2.22929719208741,0.340382327211467,0.0450450504657385
"537","ENSG00000157426",0.00992727981349904,-1.47291544874174,-0.481439194165992,-2.46439170331748,0.0450450504657385
"538","ENSG00000162882",0.00997078972059676,-1.10867437403777,-0.100879621357931,-2.11646912671761,0.0451664857064483
"539","ENSG00000082641",0.0102406648284377,1.51916244751777,2.48196131594157,0.55636357909397,0.0461438675426697
"540","ENSG00000049541",0.0103647167962279,-0.6704814256299,-0.0530615064122345,-1.28790134484757,0.0466412255830255
"541","ENSG00000129315",0.0105319897893397,1.05385204668952,2.00890571750895,0.0987983758700949,0.0473315114248191
"542","ENSG00000138796",0.0105570724356119,-0.839153689957818,0.0466459830698449,-1.72495336298548,0.0473818079972001
"543","ENSG00000137513",0.010634851257817,-1.2260361408461,-0.219687370853363,-2.23238491083885,0.0475432210228228
"544","ENSG00000118412",0.0107070764575841,-1.45953270508679,-0.515417036373333,-2.40364837380024,0.0478034526136377
"545","ENSG00000120915",0.0108347387694408,-1.38222546629044,-0.393098301244538,-2.37135263133634,0.0480998318442627
"546","ENSG00000120992",0.0108580681677169,-0.786538586464377,0.101056006032647,-1.6741331789614,0.0480998318442627
"547","ENSG00000163719",0.0108330836719127,-0.730862750752511,-0.264353964515677,-1.19737153698934,0.0480998318442627
"548","ENSG00000088992",0.0108959137491842,-1.12059114077129,-0.113333155153581,-2.12784912638901,0.0482048791160408
"549","ENSG00000117593",0.0109719130396094,-0.866782923484341,0.167407730723504,-1.90097357769219,0.0484032455952211
"550","ENSG00000119772",0.0109833222194961,-0.778117774249358,-0.303382677076395,-1.25285287142232,0.0484032455952211
"551","ENSG00000104889",0.0111375773902228,-0.923596667721647,-0.180464909062946,-1.66672842638035,0.0488306895604755
"552","ENSG00000143919",0.0113878032643695,-1.27177049130167,-0.276054667297356,-2.26748631530599,0.0496089360597246
"553","ENSG00000143252",0.0114468484065507,-0.675364074290939,0.142220821207825,-1.4929489697897,0.0498025509116637
"554","ENSG00000120686",0.0114822252510925,1.00382734602447,1.70580808019239,0.30184661185656,0.0498928284477407
